model,lead,seed,macro_auc,f1_at_0.5,f1_at_tuned,sensitivity_tuned,specificity_at_85sens,auc_NORM,auc_MI,auc_STTC,auc_CD,auc_HYP
cnn1d,Lead I,42,0.8385,0.5620,0.6083,0.7095,0.6428,0.8885  0.7900  0.8771  0.8193  0.8176
cnn1d,Lead I,43,0.8398,0.5904,0.6104,0.6985,0.6374,0.8885  0.7961  0.8800  0.8133  0.8209
cnn1d,Lead I,44,0.8371,0.5733,0.6115,0.6778,0.6508,0.8856  0.7832  0.8764  0.8156  0.8247
cnn1d,Lead III,42,0.7942,0.4954,0.5628,0.6362,0.5501,0.8280  0.8162  0.7275  0.8179  0.7813
cnn1d,Lead III,43,0.7911,0.4467,0.5598,0.6845,0.5396,0.8304  0.8130  0.7246  0.8125  0.7750
cnn1d,Lead III,44,0.7914,0.4728,0.5604,0.6955,0.5316,0.8277  0.8139  0.7252  0.8088  0.7811
cnn1d,6-lead,42,0.8873,0.6476,0.6768,0.7526,0.7438,0.9263  0.8806  0.9179  0.8840  0.8277
cnn1d,6-lead,43,0.8882,0.6542,0.6755,0.7724,0.7524,0.9253  0.8823  0.9196  0.8818  0.8319
cnn1d,6-lead,44,0.8874,0.6704,0.6785,0.7332,0.7442,0.9232  0.8790  0.9165  0.8894  0.8288
cnn1d,12-lead,42,0.9125,0.6967,0.7230,0.7764,0.8177,0.9396  0.9219  0.9335  0.9154  0.8519
cnn1d,12-lead,43,0.9073,0.7017,0.7159,0.7490,0.8028,0.9379  0.9161  0.9336  0.9118  0.8370
cnn1d,12-lead,44,0.9112,0.7026,0.7189,0.7682,0.8206,0.9432  0.9209  0.9319  0.9153  0.8447
